Row,Col
512,0
512,512
513,1
513,513
514,2
514,514
515,3
515,515
516,4
516,516
517,5
517,517
518,6
518,518
519,7
519,519
520,8
520,520
521,9
521,521
522,10
522,522
523,11
523,523
524,12
524,524
525,13
525,525
526,14
526,526
527,15
527,527
528,16
528,528
529,17
529,529
530,18
530,530
531,19
531,531
532,20
532,532
533,21
533,533
534,22
534,534
535,23
535,535
536,24
536,536
537,25
537,537
538,26
538,538
539,27
539,539
540,28
540,540
541,29
541,541
542,30
542,542
543,31
543,543
544,32
544,544
545,33
545,545
546,34
546,546
547,35
547,547
548,36
548,548
549,37
549,549
550,38
550,550
551,39
551,551
552,40
552,552
553,41
553,553
554,42
554,554
555,43
555,555
556,44
556,556
557,45
557,557
558,46
558,558
559,47
559,559
560,48
560,560
561,49
561,561
562,50
562,562
563,51
563,563
564,52
564,564
565,53
565,565
566,54
566,566
567,55
567,567
568,56
568,568
569,57
569,569
570,58
570,570
571,59
571,571
572,60
572,572
573,61
573,573
574,62
574,574
575,63
575,575
576,64
576,576
577,65
577,577
578,66
578,578
579,67
579,579
580,68
580,580
581,69
581,581
582,70
582,582
583,71
583,583
584,72
584,584
585,73
585,585
586,74
586,586
587,75
587,587
588,76
588,588
589,77
589,589
590,78
590,590
591,79
591,591
592,80
592,592
593,81
593,593
594,82
594,594
595,83
595,595
596,84
596,596
597,85
597,597
598,86
598,598
599,87
599,599
600,88
600,600
601,89
601,601
602,90
602,602
603,91
603,603
604,92
604,604
605,93
605,605
606,94
606,606
607,95
607,607
608,96
608,608
609,97
609,609
610,98
610,610
611,99
611,611
612,100
612,612
613,101
613,613
614,102
614,614
615,103
615,615
616,104
616,616
617,105
617,617
618,106
618,618
619,107
619,619
620,108
620,620
621,109
621,621
622,110
622,622
623,111
623,623
624,112
624,624
625,113
625,625
626,114
626,626
627,115
627,627
628,116
628,628
629,117
629,629
630,118
630,630
631,119
631,631
632,120
632,632
633,121
633,633
634,122
634,634
635,123
635,635
636,124
636,636
637,125
637,637
638,126
638,638
639,127
639,639
640,128
640,640
641,129
641,641
642,130
642,642
643,131
643,643
644,132
644,644
645,133
645,645
646,134
646,646
647,135
647,647
648,136
648,648
649,137
649,649
650,138
650,650
651,139
651,651
652,140
652,652
653,141
653,653
654,142
654,654
655,143
655,655
656,144
656,656
657,145
657,657
658,146
658,658
659,147
659,659
660,148
660,660
661,149
661,661
662,150
662,662
663,151
663,663
664,152
664,664
665,153
665,665
666,154
666,666
667,155
667,667
668,156
668,668
669,157
669,669
670,158
670,670
671,159
671,671
672,160
672,672
673,161
673,673
674,162
674,674
675,163
675,675
676,164
676,676
677,165
677,677
678,166
678,678
679,167
679,679
680,168
680,680
681,169
681,681
682,170
682,682
683,171
683,683
684,172
684,684
685,173
685,685
686,174
686,686
687,175
687,687
688,176
688,688
689,177
689,689
690,178
690,690
691,179
691,691
692,180
692,692
693,181
693,693
694,182
694,694
695,183
695,695
696,184
696,696
697,185
697,697
698,186
698,698
699,187
699,699
700,188
700,700
701,189
701,701
702,190
702,702
703,191
703,703
704,192
704,704
705,193
705,705
706,194
706,706
707,195
707,707
708,196
708,708
709,197
709,709
710,198
710,710
711,199
711,711
712,200
712,712
713,201
713,713
714,202
714,714
715,203
715,715
716,204
716,716
717,205
717,717
718,206
718,718
719,207
719,719
720,208
720,720
721,209
721,721
722,210
722,722
723,211
723,723
724,212
724,724
725,213
725,725
726,214
726,726
727,215
727,727
728,216
728,728
729,217
729,729
730,218
730,730
731,219
731,731
732,220
732,732
733,221
733,733
734,222
734,734
735,223
735,735
736,224
736,736
737,225
737,737
738,226
738,738
739,227
739,739
740,228
740,740
741,229
741,741
742,230
742,742
743,231
743,743
744,232
744,744
745,233
745,745
746,234
746,746
747,235
747,747
748,236
748,748
749,237
749,749
750,238
750,750
751,239
751,751
752,240
752,752
753,241
753,753
754,242
754,754
755,243
755,755
756,244
756,756
757,245
757,757
758,246
758,758
759,247
759,759
760,248
760,760
761,249
761,761
762,250
762,762
763,251
763,763
764,252
764,764
765,253
765,765
766,254
766,766
767,255
767,767
768,256
768,768
769,257
769,769
770,258
770,770
771,259
771,771
772,260
772,772
773,261
773,773
774,262
774,774
775,263
775,775
776,264
776,776
777,265
777,777
778,266
778,778
779,267
779,779
780,268
780,780
781,269
781,781
782,270
782,782
783,271
783,783
784,272
784,784
785,273
785,785
786,274
786,786
787,275
787,787
788,276
788,788
789,277
789,789
790,278
790,790
791,279
791,791
792,280
792,792
793,281
793,793
794,282
794,794
795,283
795,795
796,284
796,796
797,285
797,797
798,286
798,798
799,287
799,799
800,288
800,800
801,289
801,801
802,290
802,802
803,291
803,803
804,292
804,804
805,293
805,805
806,294
806,806
807,295
807,807
808,296
808,808
809,297
809,809
810,298
810,810
811,299
811,811
812,300
812,812
813,301
813,813
814,302
814,814
815,303
815,815
816,304
816,816
817,305
817,817
818,306
818,818
819,307
819,819
820,308
820,820
821,309
821,821
822,310
822,822
823,311
823,823
824,312
824,824
825,313
825,825
826,314
826,826
827,315
827,827
828,316
828,828
829,317
829,829
830,318
830,830
831,319
831,831
832,320
832,832
833,321
833,833
834,322
834,834
835,323
835,835
836,324
836,836
837,325
837,837
838,326
838,838
839,327
839,839
840,328
840,840
841,329
841,841
842,330
842,842
843,331
843,843
844,332
844,844
845,333
845,845
846,334
846,846
847,335
847,847
848,336
848,848
849,337
849,849
850,338
850,850
851,339
851,851
852,340
852,852
853,341
853,853
854,342
854,854
855,343
855,855
856,344
856,856
857,345
857,857
858,346
858,858
859,347
859,859
860,348
860,860
861,349
861,861
862,350
862,862
863,351
863,863
864,352
864,864
865,353
865,865
866,354
866,866
867,355
867,867
868,356
868,868
869,357
869,869
870,358
870,870
871,359
871,871
872,360
872,872
873,361
873,873
874,362
874,874
875,363
875,875
876,364
876,876
877,365
877,877
878,366
878,878
879,367
879,879
880,368
880,880
881,369
881,881
882,370
882,882
883,371
883,883
884,372
884,884
885,373
885,885
886,374
886,886
887,375
887,887
888,376
888,888
889,377
889,889
890,378
890,890
891,379
891,891
892,380
892,892
893,381
893,893
894,382
894,894
895,383
895,895
896,384
896,896
897,385
897,897
898,386
898,898
899,387
899,899
900,388
900,900
901,389
901,901
902,390
902,902
903,391
903,903
904,392
904,904
905,393
905,905
906,394
906,906
907,395
907,907
908,396
908,908
909,397
909,909
910,398
910,910
911,399
911,911
912,400
912,912
913,401
913,913
914,402
914,914
915,403
915,915
916,404
916,916
917,405
917,917
918,406
918,918
919,407
919,919
920,408
920,920
921,409
921,921
922,410
922,922
923,411
923,923
924,412
924,924
925,413
925,925
926,414
926,926
927,415
927,927
928,416
928,928
929,417
929,929
930,418
930,930
931,419
931,931
932,420
932,932
933,421
933,933
934,422
934,934
935,423
935,935
936,424
936,936
937,425
937,937
938,426
938,938
939,427
939,939
940,428
940,940
941,429
941,941
942,430
942,942
943,431
943,943
944,432
944,944
945,433
945,945
946,434
946,946
947,435
947,947
948,436
948,948
949,437
949,949
950,438
950,950
951,439
951,951
952,440
952,952
953,441
953,953
954,442
954,954
955,443
955,955
956,444
956,956
957,445
957,957
958,446
958,958
959,447
959,959
960,448
960,960
961,449
961,961
962,450
962,962
963,451
963,963
964,452
964,964
965,453
965,965
966,454
966,966
967,455
967,967
968,456
968,968
969,457
969,969
970,458
970,970
971,459
971,971
972,460
972,972
973,461
973,973
974,462
974,974
975,463
975,975
976,464
976,976
977,465
977,977
978,466
978,978
979,467
979,979
980,468
980,980
981,469
981,981
982,470
982,982
983,471
983,983
984,472
984,984
985,473
985,985
986,474
986,986
987,475
987,987
988,476
988,988
989,477
989,989
990,478
990,990
991,479
991,991
992,480
992,992
993,481
993,993
994,482
994,994
995,483
995,995
996,484
996,996
997,485
997,997
998,486
998,998
999,487
999,999
1000,488
1000,1000
1001,489
1001,1001
1002,490
1002,1002
1003,491
1003,1003
1004,492
1004,1004
1005,493
1005,1005
1006,494
1006,1006
1007,495
1007,1007
1008,496
1008,1008
1009,497
1009,1009
1010,498
1010,1010
1011,499
1011,1011
1012,500
1012,1012
1013,501
1013,1013
1014,502
1014,1014
1015,503
1015,1015
1016,504
1016,1016
1017,505
1017,1017
1018,506
1018,1018
1019,507
1019,1019
1020,508
1020,1020
1021,509
1021,1021
1022,510
1022,1022
1023,511
1023,1023
1024,0
1024,818
1024,925
1025,1
1025,819
1025,926
1026,2
1026,820
1026,927
1027,3
1027,821
1027,928
1028,4
1028,822
1028,929
1029,5
1029,823
1029,930
1030,6
1030,824
1030,931
1031,7
1031,825
1031,932
1032,8
1032,826
1032,933
1033,9
1033,827
1033,934
1034,10
1034,828
1034,935
1035,11
1035,829
1035,936
1036,12
1036,830
1036,937
1037,13
1037,831
1037,938
1038,14
1038,832
1038,939
1039,15
1039,833
1039,940
1040,16
1040,834
1040,941
1041,17
1041,835
1041,942
1042,18
1042,836
1042,943
1043,19
1043,837
1043,944
1044,20
1044,838
1044,945
1045,21
1045,839
1045,946
1046,22
1046,840
1046,947
1047,23
1047,841
1047,948
1048,24
1048,842
1048,949
1049,25
1049,843
1049,950
1050,26
1050,844
1050,951
1051,27
1051,845
1051,952
1052,28
1052,846
1052,953
1053,29
1053,847
1053,954
1054,30
1054,848
1054,955
1055,31
1055,849
1055,956
1056,32
1056,850
1056,957
1057,33
1057,851
1057,958
1058,34
1058,852
1058,959
1059,35
1059,853
1059,960
1060,36
1060,854
1060,961
1061,37
1061,855
1061,962
1062,38
1062,856
1062,963
1063,39
1063,857
1063,964
1064,40
1064,858
1064,965
1065,41
1065,859
1065,966
1066,42
1066,860
1066,967
1067,43
1067,861
1067,968
1068,44
1068,862
1068,969
1069,45
1069,863
1069,970
1070,46
1070,864
1070,971
1071,47
1071,865
1071,972
1072,48
1072,866
1072,973
1073,49
1073,867
1073,974
1074,50
1074,868
1074,975
1075,51
1075,869
1075,976
1076,52
1076,870
1076,977
1077,53
1077,871
1077,978
1078,54
1078,872
1078,979
1079,55
1079,873
1079,980
1080,56
1080,874
1080,981
1081,57
1081,875
1081,982
1082,58
1082,876
1082,983
1083,59
1083,877
1083,984
1084,60
1084,878
1084,985
1085,61
1085,879
1085,986
1086,62
1086,880
1086,987
1087,63
1087,881
1087,988
1088,64
1088,882
1088,989
1089,65
1089,883
1089,990
1090,66
1090,884
1090,991
1091,67
1091,885
1091,992
1092,68
1092,886
1092,993
1093,69
1093,887
1093,994
1094,70
1094,888
1094,995
1095,71
1095,889
1095,996
1096,72
1096,890
1096,997
1097,73
1097,891
1097,998
1098,74
1098,892
1098,999
1099,75
1099,893
1099,1000
1100,76
1100,894
1100,1001
1101,77
1101,895
1101,1002
1102,78
1102,768
1102,1003
1103,79
1103,769
1103,1004
1104,80
1104,770
1104,1005
1105,81
1105,771
1105,1006
1106,82
1106,772
1106,1007
1107,83
1107,773
1107,1008
1108,84
1108,774
1108,1009
1109,85
1109,775
1109,1010
1110,86
1110,776
1110,1011
1111,87
1111,777
1111,1012
1112,88
1112,778
1112,1013
1113,89
1113,779
1113,1014
1114,90
1114,780
1114,1015
1115,91
1115,781
1115,1016
1116,92
1116,782
1116,1017
1117,93
1117,783
1117,1018
1118,94
1118,784
1118,1019
1119,95
1119,785
1119,1020
1120,96
1120,786
1120,1021
1121,97
1121,787
1121,1022
1122,98
1122,788
1122,1023
1123,99
1123,789
1123,896
1124,100
1124,790
1124,897
1125,101
1125,791
1125,898
1126,102
1126,792
1126,899
1127,103
1127,793
1127,900
1128,104
1128,794
1128,901
1129,105
1129,795
1129,902
1130,106
1130,796
1130,903
1131,107
1131,797
1131,904
1132,108
1132,798
1132,905
1133,109
1133,799
1133,906
1134,110
1134,800
1134,907
1135,111
1135,801
1135,908
1136,112
1136,802
1136,909
1137,113
1137,803
1137,910
1138,114
1138,804
1138,911
1139,115
1139,805
1139,912
1140,116
1140,806
1140,913
1141,117
1141,807
1141,914
1142,118
1142,808
1142,915
1143,119
1143,809
1143,916
1144,120
1144,810
1144,917
1145,121
1145,811
1145,918
1146,122
1146,812
1146,919
1147,123
1147,813
1147,920
1148,124
1148,814
1148,921
1149,125
1149,815
1149,922
1150,126
1150,816
1150,923
1151,127
1151,817
1151,924
1152,128
1152,512
1152,943
1153,129
1153,513
1153,944
1154,130
1154,514
1154,945
1155,131
1155,515
1155,946
1156,132
1156,516
1156,947
1157,133
1157,517
1157,948
1158,134
1158,518
1158,949
1159,135
1159,519
1159,950
1160,136
1160,520
1160,951
1161,137
1161,521
1161,952
1162,138
1162,522
1162,953
1163,139
1163,523
1163,954
1164,140
1164,524
1164,955
1165,141
1165,525
1165,956
1166,142
1166,526
1166,957
1167,143
1167,527
1167,958
1168,144
1168,528
1168,959
1169,145
1169,529
1169,960
1170,146
1170,530
1170,961
1171,147
1171,531
1171,962
1172,148
1172,532
1172,963
1173,149
1173,533
1173,964
1174,150
1174,534
1174,965
1175,151
1175,535
1175,966
1176,152
1176,536
1176,967
1177,153
1177,537
1177,968
1178,154
1178,538
1178,969
1179,155
1179,539
1179,970
1180,156
1180,540
1180,971
1181,157
1181,541
1181,972
1182,158
1182,542
1182,973
1183,159
1183,543
1183,974
1184,160
1184,544
1184,975
1185,161
1185,545
1185,976
1186,162
1186,546
1186,977
1187,163
1187,547
1187,978
1188,164
1188,548
1188,979
1189,165
1189,549
1189,980
1190,166
1190,550
1190,981
1191,167
1191,551
1191,982
1192,168
1192,552
1192,983
1193,169
1193,553
1193,984
1194,170
1194,554
1194,985
1195,171
1195,555
1195,986
1196,172
1196,556
1196,987
1197,173
1197,557
1197,988
1198,174
1198,558
1198,989
1199,175
1199,559
1199,990
1200,176
1200,560
1200,991
1201,177
1201,561
1201,992
1202,178
1202,562
1202,993
1203,179
1203,563
1203,994
1204,180
1204,564
1204,995
1205,181
1205,565
1205,996
1206,182
1206,566
1206,997
1207,183
1207,567
1207,998
1208,184
1208,568
1208,999
1209,185
1209,569
1209,1000
1210,186
1210,570
1210,1001
1211,187
1211,571
1211,1002
1212,188
1212,572
1212,1003
1213,189
1213,573
1213,1004
1214,190
1214,574
1214,1005
1215,191
1215,575
1215,1006
1216,192
1216,576
1216,1007
1217,193
1217,577
1217,1008
1218,194
1218,578
1218,1009
1219,195
1219,579
1219,1010
1220,196
1220,580
1220,1011
1221,197
1221,581
1221,1012
1222,198
1222,582
1222,1013
1223,199
1223,583
1223,1014
1224,200
1224,584
1224,1015
1225,201
1225,585
1225,1016
1226,202
1226,586
1226,1017
1227,203
1227,587
1227,1018
1228,204
1228,588
1228,1019
1229,205
1229,589
1229,1020
1230,206
1230,590
1230,1021
1231,207
1231,591
1231,1022
1232,208
1232,592
1232,1023
1233,209
1233,593
1233,896
1234,210
1234,594
1234,897
1235,211
1235,595
1235,898
1236,212
1236,596
1236,899
1237,213
1237,597
1237,900
1238,214
1238,598
1238,901
1239,215
1239,599
1239,902
1240,216
1240,600
1240,903
1241,217
1241,601
1241,904
1242,218
1242,602
1242,905
1243,219
1243,603
1243,906
1244,220
1244,604
1244,907
1245,221
1245,605
1245,908
1246,222
1246,606
1246,909
1247,223
1247,607
1247,910
1248,224
1248,608
1248,911
1249,225
1249,609
1249,912
1250,226
1250,610
1250,913
1251,227
1251,611
1251,914
1252,228
1252,612
1252,915
1253,229
1253,613
1253,916
1254,230
1254,614
1254,917
1255,231
1255,615
1255,918
1256,232
1256,616
1256,919
1257,233
1257,617
1257,920
1258,234
1258,618
1258,921
1259,235
1259,619
1259,922
1260,236
1260,620
1260,923
1261,237
1261,621
1261,924
1262,238
1262,622
1262,925
1263,239
1263,623
1263,926
1264,240
1264,624
1264,927
1265,241
1265,625
1265,928
1266,242
1266,626
1266,929
1267,243
1267,627
1267,930
1268,244
1268,628
1268,931
1269,245
1269,629
1269,932
1270,246
1270,630
1270,933
1271,247
1271,631
1271,934
1272,248
1272,632
1272,935
1273,249
1273,633
1273,936
1274,250
1274,634
1274,937
1275,251
1275,635
1275,938
1276,252
1276,636
1276,939
1277,253
1277,637
1277,940
1278,254
1278,638
1278,941
1279,255
1279,639
1279,942
1280,256
1280,543
1280,762
1281,257
1281,544
1281,763
1282,258
1282,545
1282,764
1283,259
1283,546
1283,765
1284,260
1284,547
1284,766
1285,261
1285,548
1285,767
1286,262
1286,549
1286,640
1287,263
1287,550
1287,641
1288,264
1288,551
1288,642
1289,265
1289,552
1289,643
1290,266
1290,553
1290,644
1291,267
1291,554
1291,645
1292,268
1292,555
1292,646
1293,269
1293,556
1293,647
1294,270
1294,557
1294,648
1295,271
1295,558
1295,649
1296,272
1296,559
1296,650
1297,273
1297,560
1297,651
1298,274
1298,561
1298,652
1299,275
1299,562
1299,653
1300,276
1300,563
1300,654
1301,277
1301,564
1301,655
1302,278
1302,565
1302,656
1303,279
1303,566
1303,657
1304,280
1304,567
1304,658
1305,281
1305,568
1305,659
1306,282
1306,569
1306,660
1307,283
1307,570
1307,661
1308,284
1308,571
1308,662
1309,285
1309,572
1309,663
1310,286
1310,573
1310,664
1311,287
1311,574
1311,665
1312,288
1312,575
1312,666
1313,289
1313,576
1313,667
1314,290
1314,577
1314,668
1315,291
1315,578
1315,669
1316,292
1316,579
1316,670
1317,293
1317,580
1317,671
1318,294
1318,581
1318,672
1319,295
1319,582
1319,673
1320,296
1320,583
1320,674
1321,297
1321,584
1321,675
1322,298
1322,585
1322,676
1323,299
1323,586
1323,677
1324,300
1324,587
1324,678
1325,301
1325,588
1325,679
1326,302
1326,589
1326,680
1327,303
1327,590
1327,681
1328,304
1328,591
1328,682
1329,305
1329,592
1329,683
1330,306
1330,593
1330,684
1331,307
1331,594
1331,685
1332,308
1332,595
1332,686
1333,309
1333,596
1333,687
1334,310
1334,597
1334,688
1335,311
1335,598
1335,689
1336,312
1336,599
1336,690
1337,313
1337,600
1337,691
1338,314
1338,601
1338,692
1339,315
1339,602
1339,693
1340,316
1340,603
1340,694
1341,317
1341,604
1341,695
1342,318
1342,605
1342,696
1343,319
1343,606
1343,697
1344,320
1344,607
1344,698
1345,321
1345,608
1345,699
1346,322
1346,609
1346,700
1347,323
1347,610
1347,701
1348,324
1348,611
1348,702
1349,325
1349,612
1349,703
1350,326
1350,613
1350,704
1351,327
1351,614
1351,705
1352,328
1352,615
1352,706
1353,329
1353,616
1353,707
1354,330
1354,617
1354,708
1355,331
1355,618
1355,709
1356,332
1356,619
1356,710
1357,333
1357,620
1357,711
1358,334
1358,621
1358,712
1359,335
1359,622
1359,713
1360,336
1360,623
1360,714
1361,337
1361,624
1361,715
1362,338
1362,625
1362,716
1363,339
1363,626
1363,717
1364,340
1364,627
1364,718
1365,341
1365,628
1365,719
1366,342
1366,629
1366,720
1367,343
1367,630
1367,721
1368,344
1368,631
1368,722
1369,345
1369,632
1369,723
1370,346
1370,633
1370,724
1371,347
1371,634
1371,725
1372,348
1372,635
1372,726
1373,349
1373,636
1373,727
1374,350
1374,637
1374,728
1375,351
1375,638
1375,729
1376,352
1376,639
1376,730
1377,353
1377,512
1377,731
1378,354
1378,513
1378,732
1379,355
1379,514
1379,733
1380,356
1380,515
1380,734
1381,357
1381,516
1381,735
1382,358
1382,517
1382,736
1383,359
1383,518
1383,737
1384,360
1384,519
1384,738
1385,361
1385,520
1385,739
1386,362
1386,521
1386,740
1387,363
1387,522
1387,741
1388,364
1388,523
1388,742
1389,365
1389,524
1389,743
1390,366
1390,525
1390,744
1391,367
1391,526
1391,745
1392,368
1392,527
1392,746
1393,369
1393,528
1393,747
1394,370
1394,529
1394,748
1395,371
1395,530
1395,749
1396,372
1396,531
1396,750
1397,373
1397,532
1397,751
1398,374
1398,533
1398,752
1399,375
1399,534
1399,753
1400,376
1400,535
1400,754
1401,377
1401,536
1401,755
1402,378
1402,537
1402,756
1403,379
1403,538
1403,757
1404,380
1404,539
1404,758
1405,381
1405,540
1405,759
1406,382
1406,541
1406,760
1407,383
1407,542
1407,761
1408,384
1408,704
1408,861
1409,385
1409,705
1409,862
1410,386
1410,706
1410,863
1411,387
1411,707
1411,864
1412,388
1412,708
1412,865
1413,389
1413,709
1413,866
1414,390
1414,710
1414,867
1415,391
1415,711
1415,868
1416,392
1416,712
1416,869
1417,393
1417,713
1417,870
1418,394
1418,714
1418,871
1419,395
1419,715
1419,872
1420,396
1420,716
1420,873
1421,397
1421,717
1421,874
1422,398
1422,718
1422,875
1423,399
1423,719
1423,876
1424,400
1424,720
1424,877
1425,401
1425,721
1425,878
1426,402
1426,722
1426,879
1427,403
1427,723
1427,880
1428,404
1428,724
1428,881
1429,405
1429,725
1429,882
1430,406
1430,726
1430,883
1431,407
1431,727
1431,884
1432,408
1432,728
1432,885
1433,409
1433,729
1433,886
1434,410
1434,730
1434,887
1435,411
1435,731
1435,888
1436,412
1436,732
1436,889
1437,413
1437,733
1437,890
1438,414
1438,734
1438,891
1439,415
1439,735
1439,892
1440,416
1440,736
1440,893
1441,417
1441,737
1441,894
1442,418
1442,738
1442,895
1443,419
1443,739
1443,768
1444,420
1444,740
1444,769
1445,421
1445,741
1445,770
1446,422
1446,742
1446,771
1447,423
1447,743
1447,772
1448,424
1448,744
1448,773
1449,425
1449,745
1449,774
1450,426
1450,746
1450,775
1451,427
1451,747
1451,776
1452,428
1452,748
1452,777
1453,429
1453,749
1453,778
1454,430
1454,750
1454,779
1455,431
1455,751
1455,780
1456,432
1456,752
1456,781
1457,433
1457,753
1457,782
1458,434
1458,754
1458,783
1459,435
1459,755
1459,784
1460,436
1460,756
1460,785
1461,437
1461,757
1461,786
1462,438
1462,758
1462,787
1463,439
1463,759
1463,788
1464,440
1464,760
1464,789
1465,441
1465,761
1465,790
1466,442
1466,762
1466,791
1467,443
1467,763
1467,792
1468,444
1468,764
1468,793
1469,445
1469,765
1469,794
1470,446
1470,766
1470,795
1471,447
1471,767
1471,796
1472,448
1472,640
1472,797
1473,449
1473,641
1473,798
1474,450
1474,642
1474,799
1475,451
1475,643
1475,800
1476,452
1476,644
1476,801
1477,453
1477,645
1477,802
1478,454
1478,646
1478,803
1479,455
1479,647
1479,804
1480,456
1480,648
1480,805
1481,457
1481,649
1481,806
1482,458
1482,650
1482,807
1483,459
1483,651
1483,808
1484,460
1484,652
1484,809
1485,461
1485,653
1485,810
1486,462
1486,654
1486,811
1487,463
1487,655
1487,812
1488,464
1488,656
1488,813
1489,465
1489,657
1489,814
1490,466
1490,658
1490,815
1491,467
1491,659
1491,816
1492,468
1492,660
1492,817
1493,469
1493,661
1493,818
1494,470
1494,662
1494,819
1495,471
1495,663
1495,820
1496,472
1496,664
1496,821
1497,473
1497,665
1497,822
1498,474
1498,666
1498,823
1499,475
1499,667
1499,824
1500,476
1500,668
1500,825
1501,477
1501,669
1501,826
1502,478
1502,670
1502,827
1503,479
1503,671
1503,828
1504,480
1504,672
1504,829
1505,481
1505,673
1505,830
1506,482
1506,674
1506,831
1507,483
1507,675
1507,832
1508,484
1508,676
1508,833
1509,485
1509,677
1509,834
1510,486
1510,678
1510,835
1511,487
1511,679
1511,836
1512,488
1512,680
1512,837
1513,489
1513,681
1513,838
1514,490
1514,682
1514,839
1515,491
1515,683
1515,840
1516,492
1516,684
1516,841
1517,493
1517,685
1517,842
1518,494
1518,686
1518,843
1519,495
1519,687
1519,844
1520,496
1520,688
1520,845
1521,497
1521,689
1521,846
1522,498
1522,690
1522,847
1523,499
1523,691
1523,848
1524,500
1524,692
1524,849
1525,501
1525,693
1525,850
1526,502
1526,694
1526,851
1527,503
1527,695
1527,852
1528,504
1528,696
1528,853
1529,505
1529,697
1529,854
1530,506
1530,698
1530,855
1531,507
1531,699
1531,856
1532,508
1532,700
1532,857
1533,509
1533,701
1533,858
1534,510
1534,702
1534,859
1535,511
1535,703
1535,860
